reduce_sec,add_K,add_Q,service_time_sec,mu,K,Q,total_cost,rho,throughput,side_buffer_rate,rejected_rate,profit_rate
3,2,2,12,5.0,5,4,30,0.7,3.456397036863076,0.460001272910573,0.04360296313692402,64.13984165986922
2,3,3,13,4.615384615384615,6,5,30,0.7583333333333334,3.4581452298490194,0.5174092852801327,0.04185477015098085,63.767987210209895
3,2,1,12,5.0,5,3,29,0.7,3.436924255703423,0.4027285131472379,0.06307574429657652,63.62438467999326
4,1,1,11,5.454545454545454,4,3,30,0.6416666666666667,3.442165660371793,0.4495018555416025,0.05783433962820704,63.51226817425683
2,3,2,13,4.615384615384615,6,4,29,0.7583333333333334,3.4441388809909146,0.46781049629769267,0.05586111900908518,63.46446007916418
2,3,1,13,4.615384615384615,6,3,28,0.7583333333333334,3.4251422320117,0.4005402323881673,0.07485776798829988,63.05278974147967
3,1,7,12,5.0,4,9,30,0.7,3.489757184771073,0.8119456490886627,0.010242815228926866,62.99229404584435
3,1,6,12,5.0,4,8,29,0.7,3.485324458570319,0.799653256061352,0.014675541429680864,62.868996880025136
3,2,0,12,5.0,5,2,28,0.7,3.408238093708488,0.3183576340725931,0.09176190629151212,62.86504361284365
3,1,5,12,5.0,4,7,28,0.7,3.47894666392738,0.7819669937370166,0.0210533360726203,62.69159724647285
2,2,8,13,4.615384615384615,5,10,30,0.7583333333333334,3.4864975418307536,0.8324992766809935,0.013502458169246218,62.66488287808974
2,2,7,13,4.615384615384615,5,9,29,0.7583333333333334,3.4821256040032975,0.8178489720609368,0.017874395996702666,62.563488423677384
4,1,0,11,5.454545454545454,4,2,29,0.6416666666666667,3.4083541974846145,0.3654084620448157,0.09164580251538548,62.494442177872195
2,3,0,13,4.615384615384615,6,2,27,0.7583333333333334,3.399129038354618,0.30842322773349484,0.10087096164538198,62.48906609586294
3,1,4,12,5.0,4,6,27,0.7,3.4697417952811422,0.7564409724941357,0.03025820471885764,62.43556198410403
2,2,6,13,4.615384615384615,5,8,28,0.7583333333333334,3.4763083754940864,0.7983555178838897,0.023691624505913632,62.428574631633204
4,0,6,11,5.454545454545454,3,8,30,0.6416666666666667,3.490430690311553,0.9025128496288666,0.009569309688447084,62.30143171854672
2,2,5,13,4.615384615384615,5,7,27,0.7583333333333334,3.4685453799125283,0.7723418245235356,0.031454620087471845,62.24853439943813
4,0,5,11,5.454545454545454,3,7,29,0.6416666666666667,3.48504590427504,0.8900330688874053,0.0149540957249599,62.13203066265277
3,1,3,12,5.0,4,5,26,0.7,3.456397036863076,0.7194346229249957,0.04360296313692402,62.06437485975384
2,2,4,13,4.615384615384615,5,6,26,0.7583333333333334,3.4581452298490194,0.7374910621069629,0.04185477015098085,62.007332995595256
4,0,4,11,5.454545454545454,3,6,28,0.6416666666666667,3.4765949152166518,0.870447055667561,0.023405084783348174,61.86616931549211
2,2,3,13,4.615384615384615,5,5,25,0.7583333333333334,3.4441388809909146,0.6905559762287181,0.05586111900908518,61.68249623971599
3,1,2,12,5.0,4,4,25,0.7,3.436924255703423,0.6654346534911635,0.06307574429657652,61.52273555724186
4,0,3,11,5.454545454545454,3,5,27,0.6416666666666667,3.4632789836228857,0.839586051064653,0.036721016377114245,61.44726077262707
1,3,9,14,4.285714285714286,6,11,30,0.8166666666666667,3.47893498958116,0.9512715616198196,0.021065010418840274,61.33657698609943
1,3,8,14,4.285714285714286,6,10,29,0.8166666666666667,3.4740499272475303,0.9310814543213408,0.025950072752469848,61.25384472780579
2,2,2,13,4.615384615384615,5,4,24,0.7583333333333334,3.4251422320117,0.6268984620349017,0.07485776798829988,61.24192390430579
1,3,7,14,4.285714285714286,6,9,28,0.8166666666666667,3.4679870468647236,0.9060233901439375,0.03201295313527625,61.151165222084686
5,0,0,10,6.0,3,2,30,0.5833333333333334,3.39745880449808,0.47713046070281195,0.10254119550192013,61.0558965392815
1,3,6,14,4.285714285714286,6,8,27,0.8166666666666667,3.4604386150450615,0.8748254978826538,0.03956138495493842,61.02332676919185
1,3,5,14,4.285714285714286,6,7,26,0.8166666666666667,3.451003669902749,0.8358305901888113,0.048996330097250955,60.863538773626956
4,0,2,11,5.454545454545454,3,4,26,0.6416666666666667,3.442165660371793,0.7906538106542486,0.05783433962820704,60.78305253335566
3,1,1,12,5.0,4,3,24,0.7,3.408238093708488,0.5858850576630075,0.09176190629151212,60.724824224120326
1,3,4,14,4.285714285714286,6,6,25,0.8166666666666667,3.4391526952936333,0.7868501611567398,0.06084730470636639,60.66283347542775
2,2,1,13,4.615384615384615,5,3,23,0.7583333333333334,3.399129038354618,0.5397286013787387,0.10087096164538198,60.63862310670099
2,1,10,13,4.615384615384615,4,12,27,0.7583333333333334,3.4897905041014363,1.1258155314456566,0.010209495898563502,60.48300095350657
1,3,3,14,4.285714285714286,6,5,24,0.8166666666666667,3.4241748808117345,0.7249464103275112,0.07582511918826557,60.40917275796663
2,1,9,13,4.615384615384615,4,11,26,0.7583333333333334,3.4864975418307536,1.1156066833189975,0.013502458169246218,60.40002362498571
2,1,8,13,4.615384615384615,4,10,25,0.7583333333333334,3.4821256040032975,1.1020527930430408,0.017874395996702666,60.28985785582055
3,0,10,12,5.0,3,12,28,0.7,3.49499843876082,1.1878310453811562,0.005001561239180274,60.24727357499174
3,0,9,12,5.0,3,11,27,0.7,3.492844687448625,1.1823755933073667,0.007155312551375016,60.18322962597232
2,1,7,13,4.615384615384615,4,9,24,0.7583333333333334,3.4763083754940864,1.0840182097447955,0.023691624505913632,60.14327309674596
3,0,8,12,5.0,3,10,26,0.7,3.489757184771073,1.174554949025128,0.010242815228926866,60.091419646352634
1,3,2,14,4.285714285714286,6,4,23,0.8166666666666667,3.405096904266729,0.6460965682630941,0.0949030957332711,60.08607266723169
3,0,7,12,5.0,3,9,25,0.7,3.485324458570319,1.163326853558618,0.014675541429680864,59.95960810004701
2,1,6,13,4.615384615384615,4,8,23,0.7583333333333334,3.4685453799125283,1.0599513555309987,0.031454620087471845,59.94765815137843
2,2,0,13,4.615384615384615,5,2,22,0.7583333333333334,3.3630360073819068,0.41878134199856476,0.136963992618093,59.80154963310683
3,0,6,12,5.0,3,8,24,0.7,3.47894666392738,1.1471718997280527,0.0210533360726203,59.76995799854457
4,0,1,11,5.454545454545454,3,3,25,0.6416666666666667,3.4083541974846145,0.7122923603535602,0.09164580251538548,59.719370991402236
2,1,5,13,4.615384615384615,4,7,22,0.7583333333333334,3.4581452298490194,1.027708789790695,0.04185477015098085,59.6855911741254
1,3,1,14,4.285714285714286,6,3,22,0.8166666666666667,3.3805533103528,0.5446571677458972,0.11944668964720029,59.67040817567281
3,1,0,12,5.0,4,2,23,0.7,3.3653821948928653,0.46704136465740526,0.13461780510713448,59.53277882738402
3,0,5,12,5.0,3,7,23,0.7,3.4697417952811422,1.1238559674471333,0.03025820471885764,59.49624202448005
1,2,10,14,4.285714285714286,5,12,26,0.8166666666666667,3.47893498958116,1.1906162106595835,0.021065010418840274,59.42181979378132
2,1,4,13,4.615384615384615,4,6,21,0.7583333333333334,3.4441388809909146,0.9842862794344659,0.05586111900908518,59.33265381407
1,2,9,14,4.285714285714286,5,11,25,0.8166666666666667,3.4740499272475303,1.171875339274054,0.025950072752469848,59.32749364818408
1,2,8,14,4.285714285714286,5,10,24,0.8166666666666667,3.4679870468647236,1.148615930545976,0.03201295313527625,59.21042489886838
1,3,0,14,4.285714285714286,6,2,21,0.8166666666666667,3.3485708293270893,0.4124726264893107,0.15142917067291056,59.12876045443998
3,0,4,12,5.0,3,6,22,0.7,3.456397036863076,1.0900536943741712,0.04360296313692402,59.09942228816043
1,2,7,14,4.285714285714286,5,9,23,0.8166666666666667,3.4604386150450615,1.1196574075562353,0.03956138495493842,59.064671491803196
1,2,6,14,4.285714285714286,5,8,22,0.8166666666666667,3.451003669902749,1.083461535044158,0.048996330097250955,58.88249121478418
2,1,3,13,4.615384615384615,4,5,20,0.7583333333333334,3.4251422320117,0.9253928307998263,0.07485776798829988,58.8539689541864
1,2,5,14,4.285714285714286,5,7,21,0.8166666666666667,3.4391526952936333,1.037996896975232,0.06084730470636639,58.65365958887982
3,0,3,12,5.0,3,5,21,0.7,3.436924255703423,1.0407291396967713,0.06307574429657652,58.520379667597
1,2,4,14,4.285714285714286,5,6,20,0.8166666666666667,3.4241748808117345,0.9805365667540122,0.07582511918826557,58.364451506554616
2,1,2,13,4.615384615384615,4,4,19,0.7583333333333334,3.399129038354618,0.844746676515324,0.10087096164538198,58.19847850560831
1,2,3,14,4.285714285714286,5,5,19,0.8166666666666667,3.405096904266729,0.9073465273424882,0.0949030957332711,57.99607299459654
4,0,0,11,5.454545454545454,3,2,24,0.6416666666666667,3.3533350213697317,0.5847799114217477,0.14666497863026828,57.988511777112606
3,0,2,12,5.0,3,4,20,0.7,3.408238093708488,0.9680670913635996,0.09176190629151212,57.66736795451559
1,2,2,14,4.285714285714286,5,4,18,0.8166666666666667,3.3805533103528,0.8131883968078745,0.11944668964720029,57.52215834317699
2,0,10,13,4.615384615384615,3,12,22,0.7583333333333334,3.4864975418307536,1.4889351316328487,0.013502458169246218,57.4133960384749
2,0,9,13,4.615384615384615,3,11,21,0.7583333333333334,3.4821256040032975,1.4768270624699913,0.017874395996702666,57.291663700404946
2,1,1,13,4.615384615384615,4,3,18,0.7583333333333334,3.3630360073819068,0.7328509907032849,0.136963992618093,57.28899244346907
2,0,8,13,4.615384615384615,3,10,20,0.7583333333333334,3.4763083754940864,1.4607162649459897,0.023691624505913632,57.1296886551364
1,1,10,14,4.285714285714286,4,12,21,0.8166666666666667,3.4740499272475303,1.4667249943181921,0.025950072752469848,56.968696407830976
0,3,10,15,4.0,6,12,25,0.875,3.457055403910432,1.36214018218598,0.04294459608956789,56.955648738033766
2,0,7,13,4.615384615384615,3,9,19,0.7583333333333334,3.4685453799125283,1.4392166711452359,0.031454620087471845,56.91353562646453
1,2,1,14,4.285714285714286,5,3,17,0.8166666666666667,3.3485708293270893,0.6904919965251689,0.15142917067291056,56.90460549415311
0,3,9,15,4.0,6,11,24,0.875,3.450310780624469,1.3293718833936647,0.049689219375531335,56.88056396407413
1,1,9,14,4.285714285714286,4,11,20,0.8166666666666667,3.4679870468647236,1.4456680208341866,0.03201295313527625,56.8340081765627
0,3,8,15,4.0,6,10,23,0.875,3.4423945000496006,1.2909111664339896,0.0576054999503994,56.79243567100811
0,3,7,15,4.0,6,9,22,0.875,3.4330634534193343,1.2455769037092015,0.06693654658066574,56.688557441293106
1,1,8,14,4.285714285714286,4,10,19,0.8166666666666667,3.4604386150450615,1.4194515826667435,0.03956138495493842,56.66631809091913
2,0,6,13,4.615384615384615,3,8,18,0.7583333333333334,3.4581452298490194,1.4104134856373747,0.04185477015098085,56.62395360735196
0,3,6,15,4.0,6,8,21,0.875,3.4220095433843536,1.1918722249611007,0.07799045661564673,56.56549936952887
1,1,7,14,4.285714285714286,4,9,18,0.8166666666666667,3.451003669902749,1.3866831001731537,0.048996330097250955,56.456718693752215
0,3,5,15,4.0,6,7,20,0.875,3.408836657961492,1.1278726467501743,0.09116334203850816,56.4188517240732
3,0,1,12,5.0,3,3,19,0.7,3.3653821948928653,0.8595130996636283,0.13461780510713448,56.39300494733424
0,3,4,15,4.0,6,6,19,0.875,3.393027033928901,1.0510626512724073,0.10697296607109885,56.242850486265795
2,0,5,13,4.615384615384615,3,7,17,0.7583333333333334,3.4441388809909146,1.3716229430024847,0.05586111900908518,56.23396050552586
1,1,6,14,4.285714285714286,4,8,17,0.8166666666666667,3.4391526952936333,1.3455235122631817,0.06084730470636639,56.19344666657622
1,2,0,14,4.285714285714286,5,2,16,0.8166666666666667,3.3061912997799197,0.527908746122168,0.19380870022008032,56.086295020018646
0,3,3,15,4.0,6,5,18,0.875,3.373890817843286,0.9580906319525507,0.12610918215671418,56.02981583654388
2,1,0,13,4.615384615384615,4,2,17,0.7583333333333334,3.3120324899871307,0.5747297854758906,0.18796751001286927,56.00378621554941
1,1,5,14,4.285714285714286,4,7,16,0.8166666666666667,3.4241748808117345,1.2935041052354426,0.07582511918826557,55.860711198703186
0,3,2,15,4.0,6,4,17,0.875,3.3504881290292285,0.8443902417174778,0.14951187097077168,55.7692845177216
2,0,4,13,4.615384615384615,3,6,16,0.7583333333333334,3.4251422320117,1.3190117786217048,0.07485776798829988,55.70501737161137
0,3,1,15,4.0,6,3,16,0.875,3.32150437164618,0.7035746050564564,0.17849562835381996,55.44662174185735
1,1,4,14,4.285714285714286,4,6,15,0.8166666666666667,3.405096904266729,1.2272444364192971,0.0949030957332711,55.43688972198207
0,3,0,15,4.0,6,2,15,0.875,3.2850424285121678,0.5264267056844861,0.21495757148783187,55.04070778013251
2,0,3,13,4.615384615384615,3,5,15,0.7583333333333334,3.399129038354618,1.2469683140580736,0.10087096164538198,54.980705405266306
0,2,10,15,4.0,5,12,20,0.875,3.450310780624469,1.576069831736224,0.049689219375531335,54.90698037733365
1,1,3,14,4.285714285714286,4,5,14,0.8166666666666667,3.3805533103528,1.1420021466796835,0.11944668964720029,54.89164834420252
0,2,9,15,4.0,5,11,19,0.875,3.4423945000496006,1.5411619044393015,0.0576054999503994,54.790429766965616
0,2,8,15,4.0,5,10,18,0.875,3.4330634534193343,1.5000153717598481,0.06693654658066574,54.65304969688793
0,2,7,15,4.0,5,9,17,0.875,3.4220095433843536,1.4512716360877114,0.07799045661564673,54.49030408051598
3,0,0,12,5.0,3,2,18,0.7,3.2999962599917723,0.6938905265591583,0.20000374000822796,54.44868878711534
0,2,6,15,4.0,5,8,16,0.875,3.408836657961492,1.3931839871870655,0.09116334203850816,54.296361000578074
1,1,2,14,4.285714285714286,4,4,13,0.8166666666666667,3.3485708293270893,1.03092387820173,0.15142917067291056,54.18115044074062
0,2,5,15,4.0,5,7,15,0.875,3.393027033928901,1.3234692769640068,0.10697296607109885,54.063597480733
2,0,2,13,4.615384615384615,3,4,14,0.7583333333333334,3.3630360073819068,1.147008769215004,0.136963992618093,53.975730215375314
1,0,10,14,4.285714285714286,3,12,16,0.8166666666666667,3.4679870468647236,1.8094052742483218,0.03201295313527625,53.924110149249614
0,2,4,15,4.0,5,6,14,0.875,3.373890817843286,1.2390855018391598,0.12610918215671418,53.78185687745101
1,0,9,14,4.285714285714286,3,11,15,0.8166666666666667,3.4604386150450615,1.7865464909653253,0.03956138495493842,53.72955882453048
1,0,8,14,4.285714285714286,3,10,14,0.8166666666666667,3.451003669902749,1.7579748125760057,0.048996330097250955,53.4863849945294
0,2,3,15,4.0,5,5,13,0.875,3.3504881290292285,1.1358881287865707,0.14951187097077168,53.43730142116887
1,1,1,14,4.285714285714286,4,3,12,0.8166666666666667,3.3061912997799197,0.8837356485823449,0.19380870022008032,53.23967980033723
1,0,7,14,4.285714285714286,3,9,13,0.8166666666666667,3.4391526952936333,1.7220867146565897,0.06084730470636639,53.18094104742895
0,2,2,15,4.0,5,4,12,0.875,3.32150437164618,1.0080802667546016,0.17849562835381996,53.01057644827218
1,0,6,14,4.285714285714286,3,8,12,0.8166666666666667,3.4241748808117345,1.6767296625596424,0.07582511918826557,52.79490674010958
2,0,1,13,4.615384615384615,3,3,13,0.7583333333333334,3.3120324899871307,1.005754675369793,0.18796751001286927,52.555587096398185
0,1,10,15,4.0,4,12,15,0.875,3.4423945000496006,1.8271627478739445,0.0576054999503994,52.502423019488475
0,2,1,15,4.0,5,3,11,0.875,3.2850424285121678,0.8472963167683635,0.21495757148783187,52.473750891461485
0,1,9,15,4.0,4,11,14,0.875,3.4330634534193343,1.7908021923891588,0.06693654658066574,52.326755131853446
1,0,5,14,4.285714285714286,3,7,11,0.8166666666666667,3.405096904266729,1.6189561618194712,0.0949030957332711,52.30319591878067
0,1,8,15,4.0,4,10,13,0.875,3.4220095433843536,1.747728105946695,0.07799045661564673,52.11865232164411
1,1,0,14,4.285714285714286,4,2,11,0.8166666666666667,3.248771731604216,0.6843119014195865,0.25122826839578405,51.964091368854106
0,1,7,15,4.0,4,9,12,0.875,3.408836657961492,1.6963969476863698,0.09116334203850816,51.87065731658363
0,2,0,15,4.0,5,2,10,0.875,3.238259001318058,0.640998364119042,0.2617409986819421,51.78496315295055
1,0,4,14,4.285714285714286,3,6,10,0.8166666666666667,3.3805533103528,1.544631228155368,0.11944668964720029,51.67061569239704
0,1,6,15,4.0,4,8,11,0.875,3.393027033928901,1.6347911348972635,0.10697296607109885,51.57302261726695
0,1,5,15,4.0,4,7,10,0.875,3.373890817843286,1.5602224959952844,0.12610918215671418,51.212760924202016
1,0,3,14,4.285714285714286,3,5,9,0.8166666666666667,3.3485708293270893,1.4477792435199681,0.15142917067291056,50.84630751819471
0,1,4,15,4.0,4,6,9,0.875,3.3504881290292285,1.4690285711512485,0.14951187097077168,50.77217788225144
2,0,0,13,4.615384615384615,3,2,12,0.7583333333333334,3.238063453022189,0.800897641526165,0.261936546977811,50.495991518900134
0,1,3,15,4.0,4,5,8,0.875,3.32150437164618,1.3560867372667675,0.17849562835381996,50.226524684174855
1,0,2,14,4.285714285714286,3,4,8,0.8166666666666667,3.3061912997799197,1.3194420597580716,0.19380870022008032,49.75402851093141
0,0,10,15,4.0,3,12,10,0.875,3.4330634534193343,2.123129987394085,0.06693654658066574,49.66813277181404
0,1,2,15,4.0,4,4,7,0.875,3.2850424285121678,1.2140044437213662,0.21495757148783187,49.54008587583746
0,0,9,15,4.0,3,11,9,0.875,3.4220095433843536,2.0865355000712476,0.07799045661564673,49.40819316864769
0,0,8,15,4.0,3,10,8,0.875,3.408836657961492,2.0429260453998612,0.09116334203850816,49.098424534875704
0,0,7,15,4.0,3,9,7,0.875,3.393027033928901,1.9905875439638425,0.10697296607109885,48.726651344734314
0,1,1,15,4.0,4,3,6,0.875,3.238259001318058,1.0317021289154102,0.2617409986819421,48.6593330345796
0,0,6,15,4.0,3,8,6,0.875,3.373890817843286,1.9272362036022843,0.12610918215671418,48.27665126334602
1,0,1,14,4.285714285714286,3,3,7,0.8166666666666667,3.248771731604216,1.1455593916106581,0.25122826839578405,48.27411144732553
0,0,5,15,4.0,3,7,5,0.875,3.3504881290292285,1.8497605052823085,0.14951187097077168,47.726322409202965
0,1,0,15,4.0,4,2,5,0.875,3.1766892350792117,0.7917814651121342,0.3233107649207881,47.500210033063524
0,0,4,15,4.0,3,6,4,0.875,3.32150437164618,1.7538084178520998,0.17849562835381996,47.0447512394922
1,0,0,14,4.285714285714286,3,2,6,0.8166666666666667,3.168584724385233,0.9027304883467617,0.3314152756147667,46.20739231248757
0,0,3,15,4.0,3,5,3,0.875,3.2850424285121678,1.633099445953369,0.21495757148783187,46.18732585798144
0,0,2,15,4.0,3,4,2,0.875,3.238259001318058,1.478220717254117,0.2617409986819421,45.08718432786995
0,0,1,15,4.0,3,3,1,0.875,3.1766892350792117,1.2743911200376252,0.3233107649207881,43.63933279365959
0,0,0,15,4.0,3,2,0,0.875,3.092895947956677,0.9969895152081388,0.40710405204332334,41.66888127616873
