time_ms,ub,lb,gap
17,,128,
17,,128,
17,133,128,0.037594
17,133,128,0.037594
18,133,128,0.037594
19,133,128,0.037594
19,133,128,0.037594
20,133,128,0.037594
20,133,128,0.037594
21,133,128,0.037594
21,133,128,0.037594
22,133,128,0.037594
23,133,128,0.037594
23,133,128,0.037594
24,133,128,0.037594
24,133,128,0.037594
25,133,128,0.037594
26,133,128,0.037594
26,133,128,0.037594
27,133,128,0.037594
28,133,128,0.037594
28,133,128,0.037594
29,133,128,0.037594
30,133,128,0.037594
31,133,128,0.037594
32,133,128,0.037594
32,133,128,0.037594
33,133,128,0.037594
34,133,128,0.037594
35,133,128,0.037594
36,133,128,0.037594
36,133,128,0.037594
37,133,128,0.037594
38,133,128,0.037594
39,133,128,0.037594
40,133,128,0.037594
40,133,128,0.037594
41,133,128,0.037594
42,133,128,0.037594
43,133,128,0.037594
44,133,128,0.037594
45,133,128,0.037594
46,133,128,0.037594
47,133,128,0.037594
48,133,128,0.037594
49,133,128,0.037594
50,133,128,0.037594
51,133,128,0.037594
52,133,128,0.037594
53,133,128,0.037594
54,133,128,0.037594
55,133,128,0.037594
57,133,128,0.037594
57,133,128,0.037594
59,133,128,0.037594
60,133,128,0.037594
61,133,128,0.037594
62,133,128,0.037594
63,133,128,0.037594
64,133,128,0.037594
65,133,128,0.037594
66,133,128,0.037594
67,133,128,0.037594
68,133,128,0.037594
69,133,128,0.037594
70,133,128,0.037594
71,133,128,0.037594
73,133,128,0.037594
74,133,128,0.037594
75,133,128,0.037594
76,133,128,0.037594
77,133,128,0.037594
78,133,128,0.037594
79,133,128,0.037594
81,133,128,0.037594
82,133,128,0.037594
83,133,128,0.037594
85,133,128,0.037594
86,133,128,0.037594
87,133,128,0.037594
89,133,128,0.037594
90,133,128,0.037594
91,133,128,0.037594
92,133,128,0.037594
94,133,128,0.037594
95,133,128,0.037594
97,133,128,0.037594
98,133,128,0.037594
100,133,128,0.037594
102,133,128,0.037594
103,133,128,0.037594
105,133,128,0.037594
106,133,128,0.037594
107,133,128,0.037594
109,133,128,0.037594
111,133,128,0.037594
112,133,128,0.037594
114,133,128,0.037594
115,133,128,0.037594
117,133,128,0.037594
119,133,128,0.037594
120,133,128,0.037594
122,133,128,0.037594
124,133,128,0.037594
126,133,128,0.037594
128,133,128,0.037594
130,133,128,0.037594
132,133,128,0.037594
133,133,128,0.037594
135,133,128,0.037594
137,133,128,0.037594
139,133,128,0.037594
141,133,128,0.037594
143,133,128,0.037594
144,133,128,0.037594
146,133,128,0.037594
148,133,128,0.037594
150,133,128,0.037594
152,133,128,0.037594
153,133,128,0.037594
155,133,128,0.037594
156,133,128,0.037594
158,133,128,0.037594
160,133,128,0.037594
162,133,128,0.037594
164,133,128,0.037594
166,133,128,0.037594
168,133,128,0.037594
170,133,128,0.037594
172,133,128,0.037594
174,133,128,0.037594
176,133,128,0.037594
179,133,128,0.037594
181,133,128,0.037594
183,133,128,0.037594
186,133,128,0.037594
188,133,128,0.037594
190,133,128,0.037594
192,133,128,0.037594
194,133,128,0.037594
196,133,128,0.037594
199,133,128,0.037594
201,133,128,0.037594
203,133,128,0.037594
206,133,128,0.037594
208,133,128,0.037594
210,133,128,0.037594
213,133,128,0.037594
215,133,128,0.037594
218,133,128,0.037594
220,133,128,0.037594
222,133,128,0.037594
225,133,128,0.037594
227,133,128,0.037594
229,133,128,0.037594
231,133,128,0.037594
234,133,128,0.037594
237,133,128,0.037594
239,133,128,0.037594
241,133,128,0.037594
243,133,128,0.037594
246,133,128,0.037594
249,133,128,0.037594
251,133,128,0.037594
254,133,128,0.037594
257,133,128,0.037594
260,133,128,0.037594
262,133,128,0.037594
265,133,128,0.037594
267,133,128,0.037594
270,133,128,0.037594
273,133,128,0.037594
275,133,128,0.037594
278,133,128,0.037594
281,133,128,0.037594
284,133,128,0.037594
287,133,128,0.037594
289,133,128,0.037594
292,133,128,0.037594
295,133,128,0.037594
298,133,128,0.037594
301,133,128,0.037594
304,133,128,0.037594
307,133,128,0.037594
311,133,128,0.037594
314,133,128,0.037594
317,133,128,0.037594
320,133,128,0.037594
323,133,128,0.037594
326,133,128,0.037594
329,133,128,0.037594
332,133,128,0.037594
335,133,128,0.037594
339,133,128,0.037594
342,133,128,0.037594
345,133,128,0.037594
348,133,128,0.037594
352,133,128,0.037594
355,133,128,0.037594
358,133,128,0.037594
361,133,128,0.037594
364,133,128,0.037594
368,133,128,0.037594
371,133,128,0.037594
375,133,128,0.037594
378,133,128,0.037594
382,133,128,0.037594
385,133,128,0.037594
389,133,128,0.037594
393,133,128,0.037594
396,133,128,0.037594
400,133,128,0.037594
403,133,128,0.037594
407,133,128,0.037594
410,133,128,0.037594
414,133,128,0.037594
418,133,128,0.037594
421,133,128,0.037594
425,133,128,0.037594
429,133,128,0.037594
432,133,128,0.037594
436,133,128,0.037594
439,133,128,0.037594
442,133,128,0.037594
446,133,128,0.037594
449,133,128,0.037594
453,133,128,0.037594
456,133,128,0.037594
460,133,128,0.037594
464,133,128,0.037594
468,133,128,0.037594
472,133,128,0.037594
476,133,128,0.037594
481,133,128,0.037594
485,133,128,0.037594
488,133,128,0.037594
492,133,128,0.037594
496,133,128,0.037594
500,133,128,0.037594
504,133,128,0.037594
508,133,128,0.037594
512,133,128,0.037594
515,133,128,0.037594
519,133,128,0.037594
523,133,128,0.037594
527,133,128,0.037594
531,133,128,0.037594
535,133,128,0.037594
540,133,128,0.037594
544,133,128,0.037594
548,133,128,0.037594
552,133,128,0.037594
556,133,128,0.037594
559,133,128,0.037594
563,133,128,0.037594
567,133,128,0.037594
571,133,128,0.037594
575,133,128,0.037594
579,133,128,0.037594
584,133,128,0.037594
587,133,128,0.037594
591,133,128,0.037594
595,133,128,0.037594
599,133,128,0.037594
602,133,128,0.037594
607,133,128,0.037594
611,133,128,0.037594
615,133,128,0.037594
619,133,128,0.037594
623,133,128,0.037594
627,133,128,0.037594
631,133,128,0.037594
635,133,128,0.037594
638,133,128,0.037594
642,133,128,0.037594
646,133,128,0.037594
651,133,128,0.037594
655,133,128,0.037594
659,133,128,0.037594
663,133,128,0.037594
667,133,128,0.037594
671,133,128,0.037594
675,133,128,0.037594
679,133,128,0.037594
684,133,128,0.037594
688,133,128,0.037594
692,133,128,0.037594
696,133,128,0.037594
701,133,128,0.037594
705,133,128,0.037594
710,133,128,0.037594
715,133,128,0.037594
719,133,128,0.037594
724,133,128,0.037594
729,133,128,0.037594
734,133,128,0.037594
738,133,128,0.037594
743,133,128,0.037594
747,133,128,0.037594
751,133,128,0.037594
756,133,128,0.037594
760,133,128,0.037594
764,133,128,0.037594
769,133,128,0.037594
774,133,128,0.037594
778,133,128,0.037594
784,133,128,0.037594
788,133,128,0.037594
792,133,128,0.037594
797,133,128,0.037594
800,133,128,0.037594
804,133,128,0.037594
808,133,128,0.037594
812,133,128,0.037594
817,133,128,0.037594
821,133,128,0.037594
825,133,128,0.037594
828,133,128,0.037594
833,133,128,0.037594
837,133,128,0.037594
841,133,128,0.037594
846,133,128,0.037594
850,133,128,0.037594
854,133,128,0.037594
858,133,128,0.037594
862,133,128,0.037594
866,133,128,0.037594
870,133,128,0.037594
875,133,128,0.037594
879,133,128,0.037594
884,133,128,0.037594
889,133,128,0.037594
893,133,128,0.037594
897,133,128,0.037594
901,133,128,0.037594
905,133,128,0.037594
910,133,128,0.037594
914,133,128,0.037594
918,133,128,0.037594
922,132,128,0.030303
926,132,128,0.030303
931,132,128,0.030303
935,132,128,0.030303
939,132,128,0.030303
943,132,128,0.030303
947,132,128,0.030303
951,132,128,0.030303
955,132,128,0.030303
961,132,128,0.030303
966,132,128,0.030303
970,132,128,0.030303
974,132,128,0.030303
978,132,128,0.030303
982,132,128,0.030303
985,132,128,0.030303
989,132,128,0.030303
992,132,128,0.030303
995,132,128,0.030303
999,132,128,0.030303
1002,132,128,0.030303
1006,132,128,0.030303
1009,132,128,0.030303
1012,132,128,0.030303
1015,132,128,0.030303
1018,132,128,0.030303
1021,132,128,0.030303
1023,132,128,0.030303
1026,132,128,0.030303
1029,132,128,0.030303
1031,132,128,0.030303
1033,132,128,0.030303
1036,132,128,0.030303
1038,132,128,0.030303
1040,132,128,0.030303
1042,132,128,0.030303
1044,132,128,0.030303
1045,132,128,0.030303
1047,132,128,0.030303
1049,132,128,0.030303
1051,132,128,0.030303
1053,132,128,0.030303
1054,132,128,0.030303
1056,132,128,0.030303
1057,132,128,0.030303
1059,132,128,0.030303
1060,132,128,0.030303
1061,132,128,0.030303
1062,132,128,0.030303
1063,132,128,0.030303
1064,132,128,0.030303
1065,132,128,0.030303
1066,132,128,0.030303
1067,132,128,0.030303
1068,132,128,0.030303
1069,132,128,0.030303
1070,132,128,0.030303
1070,132,128,0.030303
1071,132,128,0.030303
1071,132,128,0.030303
1072,132,128,0.030303
1072,132,128,0.030303
1072,132,128,0.030303
1076,132,128,0.030303
1082,132,128,0.030303
1086,132,128,0.030303
1091,132,128,0.030303
1096,132,128,0.030303
1101,132,128,0.030303
1106,132,128,0.030303
1110,132,128,0.030303
1114,132,128,0.030303
1119,132,128,0.030303
1123,132,128,0.030303
1127,132,128,0.030303
1131,132,128,0.030303
1135,132,128,0.030303
1139,132,128,0.030303
1143,132,128,0.030303
1147,132,128,0.030303
1152,132,128,0.030303
1156,132,128,0.030303
1160,132,128,0.030303
1164,132,128,0.030303
1167,132,128,0.030303
1171,132,128,0.030303
1174,132,128,0.030303
1178,132,128,0.030303
1182,132,128,0.030303
1185,132,128,0.030303
1189,132,128,0.030303
1192,132,128,0.030303
1196,132,128,0.030303
1199,132,128,0.030303
1202,132,128,0.030303
1206,132,128,0.030303
1209,132,128,0.030303
1213,132,128,0.030303
1216,132,128,0.030303
1220,132,128,0.030303
1223,132,128,0.030303
1226,132,128,0.030303
1229,132,128,0.030303
1233,132,128,0.030303
1236,132,128,0.030303
1239,132,128,0.030303
1242,132,128,0.030303
1245,132,128,0.030303
1249,132,128,0.030303
1251,132,128,0.030303
1254,132,128,0.030303
1258,132,128,0.030303
1261,132,128,0.030303
1264,132,128,0.030303
1267,132,128,0.030303
1271,132,128,0.030303
1274,132,128,0.030303
1278,132,128,0.030303
1281,132,128,0.030303
1284,132,128,0.030303
1288,132,128,0.030303
1291,132,128,0.030303
1294,132,128,0.030303
1298,132,128,0.030303
1301,132,128,0.030303
1304,132,128,0.030303
1308,132,128,0.030303
1311,132,128,0.030303
1314,132,128,0.030303
1318,132,128,0.030303
1320,132,128,0.030303
1323,132,128,0.030303
1326,132,128,0.030303
1330,132,128,0.030303
1333,132,128,0.030303
1336,132,128,0.030303
1339,132,128,0.030303
1343,132,128,0.030303
1346,132,128,0.030303
1349,132,128,0.030303
1353,132,128,0.030303
1356,132,128,0.030303
1360,132,128,0.030303
1363,132,128,0.030303
1366,132,128,0.030303
1370,132,128,0.030303
1374,132,128,0.030303
1377,132,128,0.030303
1381,132,128,0.030303
1385,132,128,0.030303
1389,132,128,0.030303
1393,132,128,0.030303
1396,132,128,0.030303
1399,132,128,0.030303
1403,132,128,0.030303
1406,132,128,0.030303
1410,132,128,0.030303
1414,132,128,0.030303
1417,132,128,0.030303
1420,132,128,0.030303
1424,132,128,0.030303
1428,132,128,0.030303
1432,132,128,0.030303
1436,132,128,0.030303
1439,132,128,0.030303
1443,132,128,0.030303
1447,132,128,0.030303
1450,132,128,0.030303
1454,132,128,0.030303
1459,132,128,0.030303
1462,132,128,0.030303
1466,132,128,0.030303
1470,132,128,0.030303
1474,132,128,0.030303
1479,132,128,0.030303
1483,132,128,0.030303
1487,132,128,0.030303
1492,132,128,0.030303
1496,132,128,0.030303
1501,132,128,0.030303
1506,132,128,0.030303
1510,132,128,0.030303
1514,132,128,0.030303
1518,132,128,0.030303
1530,132,128,0.030303
1546,132,128,0.030303
1558,132,128,0.030303
1563,132,128,0.030303
1580,132,128,0.030303
1600,132,128,0.030303
1606,132,128,0.030303
1612,132,128,0.030303
1644,132,128,0.030303
1649,132,128,0.030303
1663,132,128,0.030303
1683,132,128,0.030303
1689,132,128,0.030303
1694,132,128,0.030303
1699,132,128,0.030303
1703,132,128,0.030303
1708,132,128,0.030303
1712,132,128,0.030303
1717,132,128,0.030303
1722,132,128,0.030303
1727,132,128,0.030303
1732,132,128,0.030303
1736,132,128,0.030303
1741,132,128,0.030303
1746,132,128,0.030303
1751,132,128,0.030303
1756,132,128,0.030303
1760,132,128,0.030303
1765,132,128,0.030303
1770,132,128,0.030303
1775,132,128,0.030303
1780,132,128,0.030303
1784,132,128,0.030303
1789,132,128,0.030303
1794,132,128,0.030303
1798,132,128,0.030303
1803,132,128,0.030303
1808,132,128,0.030303
1813,132,128,0.030303
1818,132,128,0.030303
1822,132,128,0.030303
1826,132,128,0.030303
1831,132,128,0.030303
1836,132,128,0.030303
1841,132,128,0.030303
1845,132,128,0.030303
1850,132,128,0.030303
1855,132,128,0.030303
1859,132,128,0.030303
1864,132,128,0.030303
1868,132,128,0.030303
1873,132,128,0.030303
1878,132,128,0.030303
1883,132,128,0.030303
1888,132,128,0.030303
1893,132,128,0.030303
1898,132,128,0.030303
1904,132,128,0.030303
1909,132,128,0.030303
1914,132,128,0.030303
1918,132,128,0.030303
1923,132,128,0.030303
1929,132,128,0.030303
1935,132,128,0.030303
1939,132,128,0.030303
1944,132,128,0.030303
1950,132,128,0.030303
1955,132,128,0.030303
1960,132,128,0.030303
1966,132,128,0.030303
1971,132,128,0.030303
1976,132,128,0.030303
1982,132,128,0.030303
1987,132,128,0.030303
1992,132,128,0.030303
1998,132,128,0.030303
2005,132,128,0.030303
2031,132,128,0.030303
2038,132,128,0.030303
2043,132,128,0.030303
2048,132,128,0.030303
2054,132,128,0.030303
2060,132,128,0.030303
2065,132,128,0.030303
2071,132,128,0.030303
2077,132,128,0.030303
2082,132,128,0.030303
2088,132,128,0.030303
2094,132,128,0.030303
2100,132,128,0.030303
2105,132,128,0.030303
2111,132,128,0.030303
2116,132,128,0.030303
2122,132,128,0.030303
2128,132,128,0.030303
2134,132,128,0.030303
2140,132,128,0.030303
2146,132,128,0.030303
2151,132,128,0.030303
2157,132,128,0.030303
2163,132,128,0.030303
2169,132,128,0.030303
2175,132,128,0.030303
2180,132,128,0.030303
2186,132,128,0.030303
2222,132,128,0.030303
2229,132,128,0.030303
2234,132,128,0.030303
2240,132,128,0.030303
2246,132,128,0.030303
2251,132,128,0.030303
2257,132,128,0.030303
2263,132,128,0.030303
2269,132,128,0.030303
2274,132,128,0.030303
2280,132,128,0.030303
2286,132,128,0.030303
2292,132,128,0.030303
2297,132,128,0.030303
2303,132,128,0.030303
2309,132,128,0.030303
2314,132,128,0.030303
2320,132,128,0.030303
2326,132,128,0.030303
2332,132,128,0.030303
2338,132,128,0.030303
2343,132,128,0.030303
2348,132,128,0.030303
2353,132,128,0.030303
2359,132,128,0.030303
2365,132,128,0.030303
2371,132,128,0.030303
2377,132,128,0.030303
2384,132,128,0.030303
2390,132,128,0.030303
2396,132,128,0.030303
2401,132,128,0.030303
2407,132,128,0.030303
2413,132,128,0.030303
2420,132,128,0.030303
2425,132,128,0.030303
2431,132,128,0.030303
2437,132,128,0.030303
2444,132,128,0.030303
2450,132,128,0.030303
2456,132,128,0.030303
2463,132,128,0.030303
2471,132,128,0.030303
2478,132,128,0.030303
2484,132,128,0.030303
2491,132,128,0.030303
2497,132,128,0.030303
2504,132,128,0.030303
2510,132,128,0.030303
2516,132,128,0.030303
2522,132,128,0.030303
2528,132,128,0.030303
2535,132,128,0.030303
2541,132,128,0.030303
2547,132,128,0.030303
2553,132,128,0.030303
2559,132,128,0.030303
2566,132,128,0.030303
2572,132,128,0.030303
2577,132,128,0.030303
2584,132,128,0.030303
2590,132,128,0.030303
2596,132,128,0.030303
2603,132,128,0.030303
2609,132,128,0.030303
2616,132,128,0.030303
2621,132,128,0.030303
2627,130,128,0.0153846
2633,130,128,0.0153846
2638,130,128,0.0153846
2642,130,128,0.0153846
2647,130,128,0.0153846
2652,130,128,0.0153846
2656,130,128,0.0153846
2661,130,128,0.0153846
2665,130,128,0.0153846
2669,130,128,0.0153846
2673,130,128,0.0153846
2677,130,128,0.0153846
2682,130,128,0.0153846
2686,130,128,0.0153846
2690,130,128,0.0153846
2694,130,128,0.0153846
2698,130,128,0.0153846
2702,130,128,0.0153846
2706,130,128,0.0153846
2709,130,128,0.0153846
2713,130,128,0.0153846
2717,130,128,0.0153846
2721,130,128,0.0153846
2724,130,128,0.0153846
2728,130,128,0.0153846
2732,130,128,0.0153846
2735,130,128,0.0153846
2738,130,128,0.0153846
2742,130,128,0.0153846
2745,130,128,0.0153846
2748,130,128,0.0153846
2751,130,128,0.0153846
2754,130,128,0.0153846
2757,130,128,0.0153846
2759,130,128,0.0153846
2762,130,128,0.0153846
2765,130,128,0.0153846
2767,130,128,0.0153846
2770,130,128,0.0153846
2772,130,128,0.0153846
2774,130,128,0.0153846
2776,130,128,0.0153846
2778,130,128,0.0153846
2780,130,128,0.0153846
2783,130,128,0.0153846
2785,130,128,0.0153846
2786,130,128,0.0153846
2788,130,128,0.0153846
2790,130,128,0.0153846
2792,130,128,0.0153846
2793,130,128,0.0153846
2795,130,128,0.0153846
2796,130,128,0.0153846
2798,130,128,0.0153846
2799,130,128,0.0153846
2800,130,128,0.0153846
2801,130,128,0.0153846
2802,130,128,0.0153846
2803,130,128,0.0153846
2804,130,128,0.0153846
2805,130,128,0.0153846
2806,130,128,0.0153846
2807,130,128,0.0153846
2807,130,128,0.0153846
2808,130,128,0.0153846
2808,130,128,0.0153846
2809,130,128,0.0153846
2809,130,128,0.0153846
2810,130,128,0.0153846
2810,130,128,0.0153846
2810,130,128,0.0153846
2810,130,128,0.0153846
2817,130,128,0.0153846
2825,130,128,0.0153846
2833,130,128,0.0153846
2840,130,128,0.0153846
2848,130,128,0.0153846
2855,130,128,0.0153846
2863,130,128,0.0153846
2870,130,128,0.0153846
2878,130,128,0.0153846
2885,130,128,0.0153846
2892,130,128,0.0153846
2899,130,128,0.0153846
2907,130,128,0.0153846
2914,130,128,0.0153846
2921,130,128,0.0153846
2928,130,128,0.0153846
2935,130,128,0.0153846
2941,130,128,0.0153846
2948,130,128,0.0153846
2955,130,128,0.0153846
2962,130,128,0.0153846
2968,130,128,0.0153846
2975,130,128,0.0153846
2981,130,128,0.0153846
2988,130,128,0.0153846
2994,130,128,0.0153846
3000,130,128,0.0153846
3006,130,128,0.0153846
3012,130,128,0.0153846
3018,130,128,0.0153846
3024,130,128,0.0153846
3029,130,128,0.0153846
3035,130,128,0.0153846
3040,130,128,0.0153846
3046,130,128,0.0153846
3052,130,128,0.0153846
3057,130,128,0.0153846
3062,130,128,0.0153846
3067,130,128,0.0153846
3072,130,128,0.0153846
3077,130,128,0.0153846
3082,130,128,0.0153846
3086,130,128,0.0153846
3091,130,128,0.0153846
3095,130,128,0.0153846
3099,130,128,0.0153846
3104,130,128,0.0153846
3108,130,128,0.0153846
3112,130,128,0.0153846
3116,130,128,0.0153846
3120,130,128,0.0153846
3124,130,128,0.0153846
3128,130,128,0.0153846
3133,130,128,0.0153846
3137,130,128,0.0153846
3140,130,128,0.0153846
3145,130,128,0.0153846
3149,130,128,0.0153846
3153,130,128,0.0153846
3159,130,128,0.0153846
3163,130,128,0.0153846
3167,130,128,0.0153846
3171,130,128,0.0153846
3174,130,128,0.0153846
3177,130,128,0.0153846
3181,130,128,0.0153846
3184,130,128,0.0153846
3187,130,128,0.0153846
3190,130,128,0.0153846
3193,130,128,0.0153846
3196,130,128,0.0153846
3199,130,128,0.0153846
3201,130,128,0.0153846
3204,130,128,0.0153846
3207,130,128,0.0153846
3210,130,128,0.0153846
3212,130,128,0.0153846
3214,130,128,0.0153846
3216,130,128,0.0153846
3218,130,128,0.0153846
3220,130,128,0.0153846
3222,130,128,0.0153846
3224,130,128,0.0153846
3226,130,128,0.0153846
3228,130,128,0.0153846
3230,130,128,0.0153846
3232,130,128,0.0153846
3234,130,128,0.0153846
3236,130,128,0.0153846
3237,130,128,0.0153846
3239,130,128,0.0153846
3240,130,128,0.0153846
3241,130,128,0.0153846
3242,130,128,0.0153846
3243,130,128,0.0153846
3244,130,128,0.0153846
3245,130,128,0.0153846
3246,130,128,0.0153846
3247,130,128,0.0153846
3248,130,128,0.0153846
3249,130,128,0.0153846
3250,130,128,0.0153846
3250,130,128,0.0153846
3251,130,128,0.0153846
3251,130,128,0.0153846
3251,130,128,0.0153846
3252,130,128,0.0153846
3252,130,128,0.0153846
3252,130,128,0.0153846
3253,130,128,0.0153846
3253,130,128,0.0153846
3254,130,128,0.0153846
3254,130,128,0.0153846
3254,130,128,0.0153846
3254,130,128,0.0153846
3255,130,128,0.0153846
3256,130,128,0.0153846
3256,130,128,0.0153846
3257,130,128,0.0153846
3258,130,128,0.0153846
3258,130,128,0.0153846
3259,130,128,0.0153846
3260,130,128,0.0153846
3260,130,128,0.0153846
3261,130,128,0.0153846
3261,130,128,0.0153846
3262,130,128,0.0153846
3263,130,128,0.0153846
3263,130,128,0.0153846
3264,130,128,0.0153846
3265,130,128,0.0153846
3265,130,128,0.0153846
3266,130,128,0.0153846
3267,130,128,0.0153846
3268,130,128,0.0153846
3268,130,128,0.0153846
3269,130,128,0.0153846
3270,130,128,0.0153846
3271,130,128,0.0153846
3272,130,128,0.0153846
3272,130,128,0.0153846
3273,130,128,0.0153846
3274,130,128,0.0153846
3275,130,128,0.0153846
3276,130,128,0.0153846
3277,130,128,0.0153846
3278,130,128,0.0153846
3279,130,128,0.0153846
3280,130,128,0.0153846
3281,130,128,0.0153846
3282,130,128,0.0153846
3282,130,128,0.0153846
3283,130,128,0.0153846
3284,130,128,0.0153846
3285,130,128,0.0153846
3286,130,128,0.0153846
3287,130,128,0.0153846
3288,130,128,0.0153846
3289,130,128,0.0153846
3290,130,128,0.0153846
3291,130,128,0.0153846
3292,130,128,0.0153846
3293,130,128,0.0153846
3294,130,128,0.0153846
3295,130,128,0.0153846
3296,130,128,0.0153846
3298,130,128,0.0153846
3299,130,128,0.0153846
3300,130,128,0.0153846
3301,130,128,0.0153846
3302,130,128,0.0153846
3304,130,128,0.0153846
3305,130,128,0.0153846
3306,130,128,0.0153846
3307,130,128,0.0153846
3308,130,128,0.0153846
3310,130,128,0.0153846
3311,130,128,0.0153846
3312,130,128,0.0153846
3314,130,128,0.0153846
3315,130,128,0.0153846
3317,130,128,0.0153846
3318,130,128,0.0153846
3319,130,128,0.0153846
3321,130,128,0.0153846
3322,130,128,0.0153846
3323,130,128,0.0153846
3325,130,128,0.0153846
3327,130,128,0.0153846
3328,130,128,0.0153846
3330,130,128,0.0153846
3331,130,128,0.0153846
3333,130,128,0.0153846
3335,130,128,0.0153846
3336,130,128,0.0153846
3338,130,128,0.0153846
3340,130,128,0.0153846
3342,130,128,0.0153846
3343,130,128,0.0153846
3345,130,128,0.0153846
3347,130,128,0.0153846
3349,130,128,0.0153846
3351,130,128,0.0153846
3352,130,128,0.0153846
3354,130,128,0.0153846
3356,130,128,0.0153846
3358,130,128,0.0153846
3360,130,128,0.0153846
3362,130,128,0.0153846
3364,130,128,0.0153846
3366,130,128,0.0153846
3368,130,128,0.0153846
3370,130,128,0.0153846
3371,130,128,0.0153846
3374,130,128,0.0153846
3375,130,128,0.0153846
3377,130,128,0.0153846
3379,130,128,0.0153846
3381,130,128,0.0153846
3383,130,128,0.0153846
3385,130,128,0.0153846
3387,130,128,0.0153846
3389,130,128,0.0153846
3391,130,128,0.0153846
3393,130,128,0.0153846
3395,130,128,0.0153846
3398,130,128,0.0153846
3399,130,128,0.0153846
3402,130,128,0.0153846
3404,130,128,0.0153846
3407,130,128,0.0153846
3409,130,128,0.0153846
3412,130,128,0.0153846
3414,130,128,0.0153846
3416,130,128,0.0153846
3418,130,128,0.0153846
3420,130,128,0.0153846
3423,130,128,0.0153846
3425,130,128,0.0153846
3427,130,128,0.0153846
3430,130,128,0.0153846
3432,130,128,0.0153846
3435,130,128,0.0153846
3437,130,128,0.0153846
3440,130,128,0.0153846
3442,130,128,0.0153846
3445,130,128,0.0153846
3447,130,128,0.0153846
3450,130,128,0.0153846
3453,130,128,0.0153846
3455,130,128,0.0153846
3458,130,128,0.0153846
3461,130,128,0.0153846
3463,130,128,0.0153846
3466,130,128,0.0153846
3468,130,128,0.0153846
3471,130,128,0.0153846
3474,130,128,0.0153846
3477,130,128,0.0153846
3480,130,128,0.0153846
3483,130,128,0.0153846
3486,130,128,0.0153846
3486,130,128,0.0153846
3489,130,128,0.0153846
3492,130,128,0.0153846
3494,130,128,0.0153846
3496,130,128,0.0153846
3499,130,128,0.0153846
3502,130,128,0.0153846
3505,130,128,0.0153846
3508,130,128,0.0153846
3510,130,128,0.0153846
3512,130,128,0.0153846
3514,130,128,0.0153846
3516,130,128,0.0153846
3518,130,128,0.0153846
3519,130,128,0.0153846
3519,130,128,0.0153846
3521,130,128,0.0153846
3522,130,128,0.0153846
3525,130,128,0.0153846
3527,130,128,0.0153846
3530,130,128,0.0153846
3532,130,128,0.0153846
3535,130,128,0.0153846
3538,130,128,0.0153846
3541,130,128,0.0153846
3543,130,128,0.0153846
3546,130,128,0.0153846
3549,130,128,0.0153846
3552,130,128,0.0153846
3554,130,128,0.0153846
3557,130,128,0.0153846
3559,130,128,0.0153846
3562,130,128,0.0153846
3564,130,128,0.0153846
3568,130,128,0.0153846
3572,130,128,0.0153846
3574,130,128,0.0153846
3577,130,128,0.0153846
3579,130,128,0.0153846
3582,130,128,0.0153846
3585,130,128,0.0153846
3588,130,128,0.0153846
3590,130,128,0.0153846
3592,130,128,0.0153846
3595,130,128,0.0153846
3599,130,128,0.0153846
3602,130,128,0.0153846
3604,130,128,0.0153846
3605,130,128,0.0153846
3608,130,128,0.0153846
3611,130,128,0.0153846
3614,130,128,0.0153846
3616,130,128,0.0153846
3619,130,128,0.0153846
3622,130,128,0.0153846
3625,130,128,0.0153846
3628,130,128,0.0153846
3631,130,128,0.0153846
3634,130,128,0.0153846
3636,130,128,0.0153846
3640,130,128,0.0153846
3643,130,128,0.0153846
3647,130,128,0.0153846
3650,130,128,0.0153846
3653,130,128,0.0153846
3656,130,128,0.0153846
3660,130,128,0.0153846
3663,130,128,0.0153846
3666,130,128,0.0153846
3670,130,128,0.0153846
3673,130,128,0.0153846
3676,130,128,0.0153846
3679,130,128,0.0153846
3679,130,128,0.0153846
3683,130,128,0.0153846
3686,130,128,0.0153846
3690,129,128,0.00775194
3695,129,128,0.00775194
3699,129,128,0.00775194
3704,129,128,0.00775194
3708,129,128,0.00775194
3712,129,128,0.00775194
3717,129,128,0.00775194
3721,129,128,0.00775194
3725,129,128,0.00775194
3729,129,128,0.00775194
3733,129,128,0.00775194
3737,129,128,0.00775194
3740,129,128,0.00775194
3744,129,128,0.00775194
3748,129,128,0.00775194
3752,129,128,0.00775194
3756,129,128,0.00775194
3759,129,128,0.00775194
3763,129,128,0.00775194
3766,129,128,0.00775194
3783,129,128,0.00775194
3789,129,128,0.00775194
3792,129,128,0.00775194
3796,129,128,0.00775194
3799,129,128,0.00775194
3802,129,128,0.00775194
3805,129,128,0.00775194
3808,129,128,0.00775194
3811,129,128,0.00775194
3813,129,128,0.00775194
3816,129,128,0.00775194
3818,129,128,0.00775194
3821,129,128,0.00775194
3823,129,128,0.00775194
3826,129,128,0.00775194
3829,129,128,0.00775194
3832,129,128,0.00775194
3835,129,128,0.00775194
3838,129,128,0.00775194
3841,129,128,0.00775194
3842,129,128,0.00775194
3844,129,128,0.00775194
3846,129,128,0.00775194
3848,129,128,0.00775194
3849,129,128,0.00775194
3851,129,128,0.00775194
3852,129,128,0.00775194
3854,129,128,0.00775194
3855,129,128,0.00775194
3856,129,128,0.00775194
3857,129,128,0.00775194
3858,129,128,0.00775194
3859,129,128,0.00775194
3860,129,128,0.00775194
3861,129,128,0.00775194
3862,129,128,0.00775194
3863,129,128,0.00775194
3863,129,128,0.00775194
3864,129,128,0.00775194
3865,129,128,0.00775194
3866,129,128,0.00775194
3866,129,128,0.00775194
3866,129,128,0.00775194
3867,129,128,0.00775194
3867,129,128,0.00775194
3868,129,128,0.00775194
3868,129,128,0.00775194
3868,129,128,0.00775194
3869,129,128,0.00775194
3869,129,128,0.00775194
3869,129,128,0.00775194
3869,129,128,0.00775194
3870,129,128,0.00775194
3870,129,128,0.00775194
3871,129,128,0.00775194
3871,129,128,0.00775194
3872,129,128,0.00775194
3873,129,128,0.00775194
3873,129,128,0.00775194
3874,129,128,0.00775194
3874,129,128,0.00775194
3875,129,128,0.00775194
3876,129,128,0.00775194
3876,129,128,0.00775194
3877,129,128,0.00775194
3878,129,128,0.00775194
3878,129,128,0.00775194
3879,129,128,0.00775194
3879,129,128,0.00775194
3880,129,128,0.00775194
3881,129,128,0.00775194
3881,129,128,0.00775194
3882,129,128,0.00775194
3883,129,128,0.00775194
3883,129,128,0.00775194
3884,129,128,0.00775194
3885,129,128,0.00775194
3885,129,128,0.00775194
3886,129,128,0.00775194
3887,129,128,0.00775194
3887,129,128,0.00775194
3888,129,128,0.00775194
3889,129,128,0.00775194
3889,129,128,0.00775194
3890,129,128,0.00775194
3891,129,128,0.00775194
3892,129,128,0.00775194
3892,129,128,0.00775194
3893,129,128,0.00775194
3894,129,128,0.00775194
3895,129,128,0.00775194
3895,129,128,0.00775194
3896,129,128,0.00775194
3897,129,128,0.00775194
3898,129,128,0.00775194
3898,129,128,0.00775194
3899,129,128,0.00775194
3900,129,128,0.00775194
3901,129,128,0.00775194
3901,129,128,0.00775194
3902,129,128,0.00775194
3903,129,128,0.00775194
3904,129,128,0.00775194
3904,129,128,0.00775194
3905,129,128,0.00775194
3906,129,128,0.00775194
3907,129,128,0.00775194
3908,129,128,0.00775194
3909,129,128,0.00775194
3909,129,128,0.00775194
3910,129,128,0.00775194
3911,129,128,0.00775194
3912,129,128,0.00775194
3912,129,128,0.00775194
3913,129,128,0.00775194
3914,129,128,0.00775194
3915,129,128,0.00775194
3915,129,128,0.00775194
3916,129,128,0.00775194
3917,129,128,0.00775194
3918,129,128,0.00775194
3918,129,128,0.00775194
3919,129,128,0.00775194
3920,129,128,0.00775194
3921,129,128,0.00775194
3921,129,128,0.00775194
3922,129,128,0.00775194
3923,129,128,0.00775194
3924,129,128,0.00775194
3925,129,128,0.00775194
3926,129,128,0.00775194
3927,129,128,0.00775194
3928,129,128,0.00775194
3928,129,128,0.00775194
3929,129,128,0.00775194
3930,129,128,0.00775194
3931,129,128,0.00775194
3932,129,128,0.00775194
3933,129,128,0.00775194
3934,129,128,0.00775194
3935,129,128,0.00775194
3936,129,128,0.00775194
3937,129,128,0.00775194
3938,129,128,0.00775194
3939,129,128,0.00775194
3940,129,128,0.00775194
3941,129,128,0.00775194
3942,129,128,0.00775194
3943,129,128,0.00775194
3944,129,128,0.00775194
3945,129,128,0.00775194
3946,129,128,0.00775194
3948,129,128,0.00775194
3949,129,128,0.00775194
3950,129,128,0.00775194
3952,129,128,0.00775194
3953,129,128,0.00775194
3954,129,128,0.00775194
3955,129,128,0.00775194
3957,129,128,0.00775194
3958,129,128,0.00775194
3959,129,128,0.00775194
3961,129,128,0.00775194
3962,129,128,0.00775194
3963,129,128,0.00775194
3965,129,128,0.00775194
3966,129,128,0.00775194
3967,129,128,0.00775194
3969,129,128,0.00775194
3971,129,128,0.00775194
3972,129,128,0.00775194
3974,129,128,0.00775194
3975,129,128,0.00775194
3977,129,128,0.00775194
3978,129,128,0.00775194
3980,129,128,0.00775194
3982,129,128,0.00775194
3983,129,128,0.00775194
3985,129,128,0.00775194
3986,129,128,0.00775194
3988,129,128,0.00775194
3990,129,128,0.00775194
3992,129,128,0.00775194
3993,129,128,0.00775194
3995,129,128,0.00775194
3997,129,128,0.00775194
3999,129,128,0.00775194
4000,129,128,0.00775194
4002,129,128,0.00775194
4004,129,128,0.00775194
4005,129,128,0.00775194
4007,129,128,0.00775194
4010,129,128,0.00775194
4012,129,128,0.00775194
4014,129,128,0.00775194
4016,129,128,0.00775194
4018,129,128,0.00775194
4020,129,128,0.00775194
4022,129,128,0.00775194
4024,129,128,0.00775194
4026,129,128,0.00775194
4028,129,128,0.00775194
4029,129,128,0.00775194
4031,129,128,0.00775194
4033,129,128,0.00775194
4035,129,128,0.00775194
4037,129,128,0.00775194
4039,129,128,0.00775194
4041,129,128,0.00775194
4043,129,128,0.00775194
4045,129,128,0.00775194
4047,129,128,0.00775194
4049,129,128,0.00775194
4050,129,128,0.00775194
4052,129,128,0.00775194
4054,129,128,0.00775194
4056,129,128,0.00775194
4057,129,128,0.00775194
4059,129,128,0.00775194
4061,129,128,0.00775194
4064,129,128,0.00775194
4066,129,128,0.00775194
4068,129,128,0.00775194
4070,129,128,0.00775194
4072,129,128,0.00775194
4074,129,128,0.00775194
4076,129,128,0.00775194
4078,129,128,0.00775194
4080,129,128,0.00775194
4082,129,128,0.00775194
4084,129,128,0.00775194
4087,129,128,0.00775194
4089,129,128,0.00775194
4092,129,128,0.00775194
4094,129,128,0.00775194
4096,129,128,0.00775194
4098,128,128,0
4118,128,128,0
